motif3_gpu,motif4_gpu
1.183469,1.300853
1.182922,1.180032
1.186465,1.265514
1.178687,1.269162
1.149407,1.181327
