motif3_python,motif4_python,motif3_cpp,motif4_cpp,motif3_gpu,motif4_gpu
0.152837,0.665164,0.031274,0.123379,1.119447,0.950588
0.102023,0.409901,0.028146,0.102639,1.127838,1.018031
0.098196,0.381009,0.029683,0.097164,1.126113,1.063656
0.106648,0.43935,0.029564,0.145921,1.125592,1.07031
0.106634,0.441901,0.029217,0.110413,1.10907,1.066749
