motif3_python,motif4_python,motif3_cpp,motif4_cpp,motif3_gpu,motif4_gpu
1.20499,5.444361,0.3925,1.289344,1.224584,1.304273
1.244342,4.91317,0.345212,1.274292,1.118876,1.319353
1.253381,4.837997,0.352716,1.217642,1.236817,1.259589
1.193472,5.116429,0.357491,1.333135,1.137259,1.256948
1.219513,5.032022,0.330428,1.246087,1.231279,1.140633
