motif3_python,motif4_python,motif3_cpp,motif4_cpp,motif3_gpu,motif4_gpu
98.889955,13383.205302,19.383944,2951.122676,3.238816,539.478677
101.723236,12830.554111,18.465349,2748.999566,3.257238,533.393884
95.467524,12432.370077,18.57645,2788.935585,3.206237,532.246022
98.689757,13606.093897,20.431307,3023.00269,2.99512,543.379069
101.953978,13921.35309,21.296503,3051.20293,3.270236,532.548528
