motif3_python,motif4_python,motif3_cpp,motif4_cpp,motif3_gpu,motif4_gpu
0.193492,0.801255,0.050884,1.497126,1.103928,1.554746
0.175356,0.665593,0.047746,1.297098,1.137202,1.546621
0.162001,0.648862,0.048967,1.299504,1.133751,1.562217
0.189309,0.910804,0.053966,1.33876,1.130179,1.598595
0.147437,0.723529,0.049077,1.325121,1.135293,1.566641
