motif3_gpu,motif4_gpu
1.578338,14.730432
1.529617,14.746064
1.585693,14.769921
1.363893,14.879241
1.53027,14.840962
