motif3_python,motif4_python,motif3_cpp,motif4_cpp,motif3_gpu,motif4_gpu
139.38797399999999,6437.904174,27.515986,1590.377138,1.866826,36.410897
140.886137,6434.926708,27.6852,1580.995465,1.953734,37.724098
138.14972699999998,6414.101379,27.616388,1571.444785,2.001564,37.002688
140.325318,6416.908317,27.557352,1577.607742,1.558647,37.780013
139.061964,6468.06387,28.483223,1560.670376,1.951245,36.715867
