motif3_gpu,motif4_gpu
1.352859,3.658071
1.284532,3.671509
1.321356,3.15857
1.330636,3.671433
1.33485,3.489484
