motif3_gpu,motif4_gpu
1.15395,1.293254
1.165991,1.304744
1.167181,1.289895
1.169216,1.280595
1.164078,1.268158
