motif3_gpu,motif4_gpu
1.210358,43.840332
1.418534,44.145939
1.337837,43.140071
1.38537,43.823676
1.433416,43.344695
