motif3_gpu,motif4_gpu
1.259169,2.428319
1.265076,2.417052
1.261608,2.382673
1.260892,2.253149
1.089732,2.47573
