motif3_python,motif4_python,motif3_cpp,motif4_cpp,motif3_gpu,motif4_gpu
1130.172399,,214.906817,38380.971456,6.698175,875.796737
1277.706033,,249.794288,40926.337206,6.870214,872.949599
1225.043621,,242.058717,39590.337111,6.01245,876.21089
1094.26763,,215.63586,37268.875898,6.938687,869.149414
1068.718136,,220.725674,36842.414728,6.990879,878.991278
