motif3_python,motif4_python,motif3_cpp,motif4_cpp,motif3_gpu,motif4_gpu
0.0185,0.057982,0.004084,0.01332,0.985858,0.939937
0.019517,0.062952,0.005886,0.018214,0.997293,1.043655
0.016605,0.057684,0.004027,0.014272,0.977081,1.04385
0.012565,0.047089,0.005117,0.016601,0.972861,1.047986
0.015225,0.044231,0.004004,0.013149,0.997915,1.0484
