motif3_gpu,motif4_gpu
1.16393,1.148677
1.144425,1.15967
1.154722,1.126779
1.109309,1.148825
1.044805,1.01626
