motif3_gpu,motif4_gpu
1.144557,1.156976
1.108834,1.159218
1.152287,1.14458
1.118891,1.094637
1.149356,1.140687
