motif3_gpu,motif4_gpu
1.269684,14.098115
1.281395,14.679879
1.249295,14.747975
1.292626,14.820348
1.042772,14.680248
