motif3_gpu,motif4_gpu
1.997311,24.691339
2.090607,23.333995
2.106267,24.802975
2.067811,24.637742
1.898819,24.489131
