motif3_python,motif4_python,motif3_cpp,motif4_cpp,motif3_gpu,motif4_gpu
9.241035,398.091699,1.807553,84.660738,1.323831,21.670373
9.39467,408.568459,1.820873,86.999494,1.188514,22.017682
9.079466,390.120612,1.763444,83.17332999999999,1.334833,21.901343
9.567559,414.526812,1.848144,88.736799,1.331191,22.259039
9.281708,399.942245,1.787896,84.663612,1.257752,21.329663
