motif3_gpu,motif4_gpu
1.18563,4.017478
1.179489,4.429502
1.131417,4.216552
1.135202,4.46176
1.011209,4.463512
