motif3_python,motif4_python,motif3_cpp,motif4_cpp,motif3_gpu,motif4_gpu
1.645555,26.247178,0.314573,6.78719,1.151333,2.636243
1.500255,27.106966,0.311575,6.514759,1.146302,2.671195
1.509354,27.038743,0.318311,7.486742,1.156464,2.668673
1.613894,26.708926,0.308715,6.764494,1.052436,2.723571
1.672491,26.536171,0.329836,6.588196,1.141307,2.196176
