motif3_gpu,motif4_gpu
1.20546,2.021844
1.273482,1.998139
1.299628,2.007667
1.272356,1.339263
1.274961,2.022809
