motif3_gpu,motif4_gpu
1.122888,2.498393
1.152458,2.497314
1.154203,2.543162
1.141392,2.458078
1.081413,2.358832
