motif3_gpu,motif4_gpu
1.165934,1.274732
1.052469,1.101272
1.178214,1.232638
1.160376,1.308219
1.16456,1.284305
