motif3_python,motif4_python,motif3_cpp,motif4_cpp,motif3_gpu,motif4_gpu
0.014911,0.071194,0.015239,0.168872,1.679527,0.99862
0.013616,0.046394,0.006127,0.192031,1.69103,1.005294
0.026667,0.063176,0.006994,0.169709,1.677213,1.03658
0.025513,0.071718,0.007005,0.188415,1.689991,1.014841
0.02178,0.068889,0.006908,0.171299,1.688964,1.033183
