motif3_gpu,motif4_gpu
1.152328,2.445994
1.164377,2.570608
1.104553,2.626802
1.16683,2.615889
1.117053,2.567765
