motif3_python,motif4_python,motif3_cpp,motif4_cpp,motif3_gpu,motif4_gpu
0.173254,1.762272,0.033922,0.561589,1.104775,1.617195
0.19216,1.956401,0.03717,0.53581,1.129329,1.550163
0.164696,1.807657,0.038653,0.500949,1.124938,1.64001
0.148412,1.594778,0.046411,0.458813,1.12628,1.544029
0.155432,1.66063,0.034398,0.471546,1.136443,1.609657
