motif3_python,motif4_python,motif3_cpp,motif4_cpp,motif3_gpu,motif4_gpu
1.071719,15.822721,0.220171,3.376335,0.906833,1.969297
1.045991,15.543301,0.216982,3.304484,1.057517,2.09108
1.125096,16.436165,0.23789,3.515464,1.096749,2.102856
1.091362,16.148045,0.237028,3.442853,1.082498,1.985497
1.126416,16.719761,0.23378,3.58616,1.098037,2.130901
