motif3_python,motif4_python,motif3_cpp,motif4_cpp,motif3_gpu,motif4_gpu
4.224873,145.494509,0.865553,33.83451,1.854548,65.982533
4.204844,147.628818,1.056363,34.147197,1.845665,66.556598
4.357507,145.389006,0.879846,33.697795,1.852242,66.549719
4.166866,147.941049,0.895426,34.046595,1.851409,65.896456
4.225599,146.808645,0.881008,33.95786,1.636954,65.948194
