motif3_python,motif4_python,motif3_cpp,motif4_cpp,motif3_gpu,motif4_gpu
139.76605,20357.375139,25.537525,4389.386101,4.004508,735.243123
137.360747,19785.300801,25.012434,4244.803675,3.914761,704.185398
132.204567,18527.971751,25.286995,4284.643626,3.994911,734.898159
130.333293,19995.138165,24.999889,4210.374678,3.899749,731.759592
129.881898,17827.202779,25.208901,4396.365396,3.9966,737.908604
