motif3_gpu,motif4_gpu
1.436355,13.99723
1.41675,14.304016
1.307839,13.774974
1.414143,14.363082
1.458115,14.342893
