motif3_gpu,motif4_gpu
1.521744,31.19248
1.532407,30.23811
1.541359,31.019434
1.406087,30.934379
1.471088,30.866321
