motif3_gpu,motif4_gpu
3.787265,535.862076
4.375419,532.478468
4.481837,534.886521
4.285806,535.784028
4.449531,532.104183
