motif3_python,motif4_python,motif3_cpp,motif4_cpp,motif3_gpu,motif4_gpu
0.155168,1.616218,0.031645,0.290966,1.087854,1.560813
0.089406,1.065848,0.018775,0.23101,1.092173,1.520762
0.115927,1.20323,0.020071,0.256994,1.092996,1.569519
0.093424,1.118513,0.019236,0.251678,1.084869,1.44482
0.098813,1.243959,0.020751,0.268106,1.095774,1.561527
