motif3_gpu,motif4_gpu
4.434606,406.497243
5.222978,406.601071
5.175062,404.317337
4.161964,406.872145
5.167168,404.091193
