motif3_gpu,motif4_gpu
1.595506,1.929169
1.602079,1.923629
1.586375,1.889927
1.478513,1.739656
1.585949,1.684407
