motif3_python,motif4_python,motif3_cpp,motif4_cpp,motif3_gpu,motif4_gpu
1533.053846,,290.749939,55244.402681,6.839255,1285.71557
1494.688585,,297.830713,55051.679867,6.896637,1286.211147
1539.160511,,300.757886,56208.409309,6.753197,1284.698642
1517.884251,,304.181743,62669.988321,6.973739,1272.239547
1524.330425,,304.966784,61961.550562,6.162418,1267.022782
