motif3_python,motif4_python,motif3_cpp,motif4_cpp,motif3_gpu,motif4_gpu
1.128888,32.516872,0.194022,7.065455,1.194816,10.699899
0.909675,28.436933,0.181668,6.167053,1.168372,9.374437
0.909375,28.412416,0.181511,6.20702,1.179946,10.107562
0.946754,31.381139,0.191632,6.617333,1.178879,10.276174
0.910966,29.509213,0.184324,6.169722,1.161465,9.968077
