motif3_gpu,motif4_gpu
2.425247,8.46971
2.429827,7.458437
2.431577,8.468837
2.463125,8.452116
2.479008,8.354788
