motif3_gpu,motif4_gpu
1.339669,1.401138
1.325021,1.462325
1.322864,1.494906
1.227718,1.406991
1.259807,1.468577
