motif3_gpu,motif4_gpu
1.19929,2.555429
1.195053,2.972253
1.210739,2.990998
1.212815,3.129416
1.222871,3.143302
