motif3_python,motif4_python,motif3_cpp,motif4_cpp,motif3_gpu,motif4_gpu
109.283248,4779.504763,21.190423,1030.651713,2.006638,24.863954
104.18884700000001,4615.797495,19.939535,1013.840879,1.966902,25.739713
103.47422499999999,4650.335682,21.134119,1030.408665,2.124599,25.987039
105.20591,4638.917503,20.711871,1040.972072,1.824791,25.064641
104.430869,4635.897823,20.292187,1030.602059,2.153252,25.900263
