motif3_python,motif4_python,motif3_cpp,motif4_cpp,motif3_gpu,motif4_gpu
1.611079,6.949437,0.590468,13.778466,1.338444,5.04342
1.522452,7.051108,0.58688,13.327474,1.356908,5.15504
1.476118,6.742024,0.657008,13.317784,1.303549,5.377793
1.619532,6.763118,0.618302,13.186644,1.335445,5.289027
1.686009,6.964596,0.665212,13.697058,1.213091,5.283226
