motif3_python,motif4_python,motif3_cpp,motif4_cpp,motif3_gpu,motif4_gpu
13.216618,651.741283,2.558035,140.387312,1.256156,31.444108
13.913032,663.638877,2.574789,148.26137,1.310571,31.282838
13.32731,653.136574,2.512934,139.199969,1.265392,31.57339
13.786659,682.389859,2.766826,150.136559,1.340692,31.5302
13.666669,686.331133,2.565468,143.076668,1.326735,31.543412
