motif3_python,motif4_python,motif3_cpp,motif4_cpp,motif3_gpu,motif4_gpu
0.737766,20.704561,0.148581,4.538837,1.09576,8.326259
0.667147,18.071163,0.132034,3.908689,1.198041,7.638442
0.728636,19.701064,0.140327,4.280956,1.218213,8.24127
0.756408,20.526311,0.151252,4.477377,1.214762,8.255777
0.761714,21.254518,0.147622,4.568881,1.191653,8.212308
