motif3_gpu,motif4_gpu
1.186238,1.274067
1.162833,1.286562
1.168761,1.229932
1.186489,1.087361
1.080277,1.287167
