motif3_python,motif4_python,motif3_cpp,motif4_cpp,motif3_gpu,motif4_gpu
3.327859,88.688457,0.855102,23.420237,1.427922,12.398473
3.351086,88.975851,0.848461,23.408715,1.246027,12.584363
3.332348,88.141214,0.84757,23.471151,1.438087,12.578984
3.346454,88.211235,1.015416,23.453164,1.356021,12.535979
3.363353,89.042899,0.847689,23.578009,1.435018,12.576516
